<edmx:Edmx xmlns:edmx="http://docs.oasis-open.org/odata/ns/edmx" Version="4.0">
    <edmx:Reference Uri="https://sap.github.io/odata-vocabularies/vocabularies/UI.xml">
        <edmx:Include Namespace="com.sap.vocabularies.UI.v1" Alias="UI"/>
    </edmx:Reference>
    <edmx:Reference Uri="/sap/opu/odata4/sap/zui_wfbpgovrecords_o4/srvd/sap/zui_wfbpgovrecords_m/0001/$metadata">
        <edmx:Include Namespace="com.sap.gateway.srvd.zui_wfbpgovrecords_m.v0001" Alias="SAP__self"/>
    </edmx:Reference>
    <edmx:DataServices>
        <Schema xmlns="http://docs.oasis-open.org/odata/ns/edm" Namespace="local">
            <Annotations Target="SAP__self.Container/WFBPGovRecords">
                <Annotation Term="UI.UpdateHidden" Bool="true"/>
                <Annotation Term="UI.DeleteHidden" Bool="true"/>
            </Annotations>
            <Annotations Target="SAP__self.WFBPGovRecordsType">
                <Annotation Term="UI.Facets">
                    <Collection>
                        <Record Type="UI.ReferenceFacet">
                            <PropertyValue Property="Label" String="WF BP Gov Records"/>
                            <PropertyValue Property="ID" String="idIdentification"/>
                            <PropertyValue Property="Target" AnnotationPath="@UI.Identification"/>
                        </Record>
                        <Record Type="UI.ReferenceFacet">
                            <PropertyValue Property="Label" String="WF BP Gov Record Items"/>
                            <PropertyValue Property="ID" String="idWFBPGovRecordItems"/>
                            <PropertyValue Property="Target" AnnotationPath="_WFBPGovRecordItems/@UI.LineItem"/>
                            <Annotation Term="UI.Hidden"/>
                        </Record>
                    </Collection>
                </Annotation>
            </Annotations>
        </Schema>
    </edmx:DataServices>
</edmx:Edmx>